{
  "10": 0.20172413793103453,
  "11": 0.9934615384615386,
  "12": 0.8854545454545456,
  "08": 0.2924193548387098,
  "09": 0.27529411764705886,
  "01": 0.12920000000000006,
  "02": 0.3739130434782609,
  "03": 0.362258064516129,
  "04": 0.2748148148148148,
  "05": 0.26096774193548394,
  "06": 0.1993333333333333,
  "07": 0.3436666666666667
}