{
  "10": {
    "kWhPerHour": 0.1998245614035088,
    "kWhPerRadiation": 0.14177741935483865
  },
  "11": {
    "kWhPerHour": 0.9934615384615386,
    "kWhPerRadiation": 0.11363666666666665
  },
  "12": {
    "kWhPerHour": 0.8854545454545456,
    "kWhPerRadiation": 0.13001290322580647
  },
  "08": {
    "kWhPerHour": 0.2924193548387098,
    "kWhPerRadiation": 0.14986774193548388
  },
  "09": {
    "kWhPerHour": 0.373728813559322,
    "kWhPerRadiation": 0.16102833333333333
  },
  "01": {
    "kWhPerHour": 0.12920000000000006,
    "kWhPerRadiation": 0.11476774193548386
  },
  "02": {
    "kWhPerHour": 0.3739130434782609,
    "kWhPerRadiation": 0.17550000000000002
  },
  "03": {
    "kWhPerHour": 0.362258064516129,
    "kWhPerRadiation": 0.1736774193548387
  },
  "04": {
    "kWhPerHour": 0.2748148148148148,
    "kWhPerRadiation": 0.15941034482758623
  },
  "05": {
    "kWhPerHour": 0.26096774193548394,
    "kWhPerRadiation": 0.13901290322580645
  },
  "06": {
    "kWhPerHour": 0.1993333333333333,
    "kWhPerRadiation": 0.10936666666666665
  },
  "07": {
    "kWhPerHour": 0.3436666666666667,
    "kWhPerRadiation": 0.1166967741935484
  }
}